key,description,text
absoluteScale,"UI string from absoluteScale","Green â‰¤{{low}}% Â· Yellow â‰¤{{mid}}% Â· Red ï¼{{mid}}% (à¹€à¸›à¸­à¸£à¹Œà¹€à¸‹à¹‡à¸™à¸•à¹Œà¸™à¸µà¹‰à¹à¸ªà¸”à¸‡à¸–à¸¶à¸‡à¸­à¸±à¸•à¸£à¸²à¸„à¸§à¸²à¸¡à¸œà¸´à¸”à¸à¸¥à¸²à¸” 'à¸ªà¸°à¸ªà¸¡à¸¥à¹ˆà¸²à¸ªà¸¸à¸”' à¸ªà¸³à¸«à¸£à¸±à¸šà¸„à¸µà¸¢à¹Œà¸™à¸±à¹‰à¸™)"
accuracy,"UI string from accuracy","à¸„à¸§à¸²à¸¡à¹à¸¡à¹ˆà¸™à¸¢à¸³: {{percent}}%"
accuracyChartAriaLabel,"UI string from accuracyChartAriaLabel",""Genauigkeits-Trenddiagramm: Je hÃ¶her die Linie"
accuracyChartTitle,"UI string from accuracyChartTitle","à¸„à¸§à¸²à¸¡à¹à¸¡à¹ˆà¸™à¸¢à¸³"
accuracyChartTooltip,"UI string from accuracyChartTooltip","Trá»¥c dá»c: Äá»™ chÃ­nh xÃ¡c (cao hÆ¡n cÃ³ nghÄ©a lÃ  chÃ­nh xÃ¡c hÆ¡n); Trá»¥c ngang: Chuá»—i thá»i gian. ÄÆ°á»ng mÃ u xanh cho tháº¥y sá»± thay Ä‘á»•i trong Ä‘á»™ chÃ­nh xÃ¡c cho má»—i bÃ i kiá»ƒm tra."
actualInput,"UI string from actualInput","à¸‚à¹‰à¸­à¸¡à¸¹à¸¥à¸—à¸µà¹ˆà¹à¸—à¹‰à¸ˆà¸£à¸´à¸‡: {{chars}} à¸•à¸±à¸§à¸­à¸±à¸à¸©à¸£"
admin.bulkTranslateTitle,"UI string from admin.bulkTranslateTitle","à¹€à¸„à¸£à¸·à¹ˆà¸­à¸‡à¸¡à¸·à¸­à¸à¸²à¸£à¸›à¸£à¸±à¸šà¹à¸•à¹ˆà¸‡à¸—à¸µà¹ˆà¸«à¸¥à¸²à¸à¸«à¸¥à¸²à¸¢"
admin.description,"UI string from admin.description","à¸à¸·à¹‰à¸™à¸—à¸µà¹ˆà¸™à¸µà¹‰à¹ƒà¸Šà¹‰à¸ªà¸³à¸«à¸£à¸±à¸šà¸à¸²à¸£à¸šà¸³à¸£à¸¸à¸‡à¸£à¸±à¸à¸©à¸²à¹à¸¥à¸°à¸à¸²à¸£à¸ˆà¸±à¸”à¸à¸²à¸£à¹€à¸™à¸·à¹‰à¸­à¸«à¸²à¹€à¸—à¹ˆà¸²à¸™à¸±à¹‰à¸™ã€‚"
admin.multiLineText,"UI string from admin.multiLineText","à¸‚à¹‰à¸­à¸„à¸§à¸²à¸¡à¸«à¸¥à¸²à¸¢à¸šà¸£à¸£à¸—à¸±à¸” (à¸«à¸™à¸¶à¹ˆà¸‡à¸£à¸²à¸¢à¸à¸²à¸£à¸•à¹ˆà¸­à¸«à¸™à¸¶à¹ˆà¸‡à¸šà¸£à¸£à¸—à¸±à¸”)"
admin.sourceLanguage,"UI string from admin.sourceLanguage","à¸ à¸²à¸©à¸²à¸­à¸±à¸‡à¸à¸¤à¸©"
admin.targetLanguage,"UI string from admin.targetLanguage","à¸ à¸²à¸©à¸²à¹€à¸›à¹‰à¸²à¸«à¸¡à¸²à¸¢"
admin.title,"UI string from admin.title","à¹à¸”à¸Šà¸šà¸­à¸£à¹Œà¸”à¸œà¸¹à¹‰à¸”à¸¹à¹à¸¥à¸£à¸°à¸šà¸š"
admin.usageDescription,"UI string from admin.usageDescription",""Entrez les codes de langue source et cible"
admin.usageTitle,"UI string from admin.usageTitle","? à¸„à¸¹à¹ˆà¸¡à¸·à¸­à¸œà¸¹à¹‰à¹ƒà¸Šà¹‰"
auth.pleaseSignIn,"UI string from auth.pleaseSignIn"," accedi prima utilizzando Google.""
auth.signIn,"UI string from auth.signIn","à¹€à¸‚à¹‰à¸²à¸ªà¸¹à¹ˆà¸£à¸°à¸šà¸šà¸”à¹‰à¸§à¸¢ Google"
auth.signOut,"UI string from auth.signOut","à¸­à¸­à¸à¸ˆà¸²à¸à¸£à¸°à¸šà¸š"
correctChars,"UI string from correctChars","à¸ˆà¸³à¸™à¸§à¸™à¸•à¸±à¸§à¸­à¸±à¸à¸©à¸£à¸—à¸µà¹ˆà¸–à¸¹à¸à¸•à¹‰à¸­à¸‡: {{chars}} à¸•à¸±à¸§à¸­à¸±à¸à¸©à¸£"
defaultDescription,"UI string from defaultDescription","ìƒë‹¨: ì „ì²´ ì ìˆ˜ ì¶”ì„¸; í•˜ë‹¨: ì •í™•ë„ ì¶”ì„¸. ë¨¼ì € ì •í™•ë„ë¥¼ ë†’ì¸ í›„ ì ì°¨ ì†ë„ë¥¼ ë†’ì´ì„¸ìš”."
dev.savedToFirestore,"UI string from dev.savedToFirestore","à¸šà¸±à¸™à¸—à¸¶à¸à¸¥à¸‡ Firestore à¹à¸šà¸šà¹€à¸£à¸µà¸¢à¸¥à¹„à¸—à¸¡à¹Œã€‚"
dev.stage,"UI string from dev.stage","à¹€à¸§à¸—à¸µ"
dev.stageOverview,"UI string from dev.stageOverview","à¸ à¸²à¸à¸£à¸§à¸¡à¸«à¹‰à¸²à¸‚à¸±à¹‰à¸™à¸•à¸­à¸™ (à¹€à¸à¸·à¹ˆà¸­à¸à¸²à¸£à¹€à¸›à¸£à¸µà¸¢à¸šà¹€à¸—à¸µà¸¢à¸šà¸—à¸µà¹ˆà¸‡à¹ˆà¸²à¸¢)"
distanceToUpgrade,"UI string from distanceToUpgrade",""Um Level {{stage}} zu erreichen"
effectiveDate,"UI string from effectiveDate",""NgÃ y cÃ³ hiá»‡u lá»±c: 21 thÃ¡ng 9"
error.errorOccurred,"UI string from error.errorOccurred","à¹€à¸à¸´à¸”à¸‚à¹‰à¸­à¸œà¸´à¸”à¸à¸¥à¸²à¸”"
error.goBack,"UI string from error.goBack","à¸à¸¥à¸±à¸šà¹„à¸›à¸¢à¸±à¸‡à¸«à¸™à¹‰à¸²à¸à¹ˆà¸­à¸™à¸«à¸™à¹‰à¸²"
error.goHome,"UI string from error.goHome","à¸à¸¥à¸±à¸šà¹„à¸›à¸—à¸µà¹ˆà¸«à¸™à¹‰à¸²à¹à¸£à¸"
error.loadingError,"UI string from error.loadingError",""Beim Laden der Seite ist ein Fehler aufgetreten"
errorRate,"UI string from errorRate","{{key}} à¸­à¸±à¸•à¸£à¸²à¸„à¸§à¸²à¸¡à¸œà¸´à¸”à¸à¸¥à¸²à¸” {{percent}}%"
highestHere,"UI string from highestHere","à¸„à¹ˆà¸²à¸—à¸µà¹ˆà¸ªà¸¹à¸‡à¸—à¸µà¹ˆà¸ªà¸¸à¸”à¸—à¸µà¹ˆà¸™à¸µà¹ˆà¸„à¸·à¸­ {{value}}."
home.aboutBody,"UI string from home.aboutBody","Typesproutã¯ã€1å¹´ç”Ÿã‹ã‚‰6å¹´ç”Ÿã®å­ä¾›å‘ã‘ã®ã‚¿ã‚¤ãƒ”ãƒ³ã‚°ç·´ç¿’ã¨æˆé•·ã®ãŸã‚ã®ã‚¦ã‚§ãƒ–ã‚µã‚¤ãƒˆã§ã‚ã‚Šã€è¤‡æ•°ã®è¨€èªï¼ˆzh-TW / zh-CN / en-USï¼‰ã‚’ã‚µãƒãƒ¼ãƒˆã—ã¦ã„ã¾ã™ã€‚ç§ãŸã¡ã¯ã€ä¸–ç•Œä¸­ã®å­ä¾›ãŸã¡ãŒå…¥åŠ›ã€ç†è§£ã€è¡¨ç¾ã‚’ç·´ç¿’ã§ãã‚‹å®‰å…¨ã§å‹å¥½çš„ãªç’°å¢ƒã‚’æä¾›ã§ãã‚‹ã“ã¨ã‚’é¡˜ã£ã¦ã„ã¾ã™ã€‚"
home.aboutTitle,"UI string from home.aboutTitle","à¹€à¸à¸µà¹ˆà¸¢à¸§à¸à¸±à¸š Typesprout"
home.cards.avgAdj,"UI string from home.cards.avgAdj","à¸„à¸°à¹à¸™à¸™à¸£à¸§à¸¡à¹€à¸‰à¸¥à¸µà¹ˆà¸¢ (30 à¸§à¸±à¸™)"
home.cards.meVsSite,"UI string from home.cards.meVsSite","à¸‰à¸±à¸™ vs à¸—à¸¸à¸à¹€à¸§à¹‡à¸šà¹„à¸‹à¸•à¹Œ (30 à¸§à¸±à¸™)"
home.cards.players,"UI string from home.cards.players","à¸ˆà¸³à¸™à¸§à¸™à¸œà¸¹à¹‰à¹€à¸¥à¹ˆà¸™"
home.cards.totalChars,"UI string from home.cards.totalChars","à¸ˆà¸³à¸™à¸§à¸™à¸„à¸³à¸£à¸§à¸¡ (30 à¸§à¸±à¸™)"
home.ctaPractice,"UI string from home.ctaPractice","à¹€à¸£à¸´à¹ˆà¸¡à¸à¸¶à¸à¸à¸™à¸•à¸­à¸™à¸™à¸µà¹‰"
home.ctaTest,"UI string from home.ctaTest","à¸—à¸³à¹à¸šà¸šà¸—à¸”à¸ªà¸­à¸š"
home.googleUsersCount,"UI string from home.googleUsersCount","à¸ˆà¸³à¸™à¸§à¸™à¸œà¸¹à¹‰à¹ƒà¸Šà¹‰à¸—à¸µà¹ˆà¹€à¸‚à¹‰à¸²à¸ªà¸¹à¹ˆà¸£à¸°à¸šà¸šà¸”à¹‰à¸§à¸¢ Google"
home.googleUsersTooltip,"UI string from home.googleUsersTooltip","Tá»•ng sá»‘ ngÆ°á»i dÃ¹ng Ä‘Ã£ Ä‘Äƒng nháº­p báº±ng tÃ i khoáº£n Google"
home.heroSubtitle,"UI string from home.heroSubtitle","ã‚ãªãŸãŒã‚¿ã‚¤ãƒ—ã™ã‚‹ãŸã³ã«ã€ãã‚Œã¯ã‚¨ãƒãƒ«ã‚®ãƒ¼ã«å¤‰ã‚ã‚Šã€ã‚ãªãŸã®æœ¨ã‚’è‚²ã¦ã‚‹ãŸã‚ã®æ „é¤Šã¨ãªã‚Šã¾ã™ã€‚è¤‡æ•°ã®è¨€èªã‚’ã‚µãƒãƒ¼ãƒˆã—ã€æ­£ã—ã„ã‚¿ã‚¤ãƒ”ãƒ³ã‚°ç¿’æ…£ã¨é›†ä¸­åŠ›ã‚’è‚²ã‚€æ‰‹åŠ©ã‘ã‚’ã—ã¾ã™ã€‚"
home.heroTitle,"UI string from home.heroTitle"," les jeunes arbres poussent haut.""
home.howToUpgrade,"UI string from home.howToUpgrade","à¸§à¸´à¸˜à¸µà¸à¸²à¸£à¸­à¸±à¸›à¹€à¸à¸£à¸”?"
home.leaderEmpty,"UI string from home.leaderEmpty","à¹„à¸¡à¹ˆà¸¡à¸µà¸‚à¹‰à¸­à¸¡à¸¹à¸¥à¸—à¸µà¹ˆà¸à¸£à¹‰à¸­à¸¡à¹ƒà¸Šà¹‰à¸‡à¸²à¸™"
home.leaderViewFull,"UI string from home.leaderViewFull","à¸”à¸¹à¸­à¸±à¸™à¸”à¸±à¸šà¸—à¸±à¹‰à¸‡à¸«à¸¡à¸”"
home.privacyNote,"UI string from home.privacyNote","KhÃ´ng thu tháº­p dá»¯ liá»‡u cÃ¡ nhÃ¢n; dá»¯ liá»‡u thá»‘ng kÃª chá»‰ Ä‘Æ°á»£c sá»­ dá»¥ng cho xáº¿p háº¡ng áº©n danh vÃ  pháº£n há»“i há»c táº­p."
home.tabs.leader,"UI string from home.tabs.leader","à¸•à¸±à¸§à¸­à¸¢à¹ˆà¸²à¸‡à¸à¸£à¸°à¸”à¸²à¸™à¸œà¸¹à¹‰à¸™à¸³"
home.tabs.visitors,"UI string from home.tabs.visitors","à¸à¸²à¸£à¸à¸£à¸°à¸ˆà¸²à¸¢à¸œà¸¹à¹‰à¹€à¸‚à¹‰à¸²à¸Šà¸¡"
home.title,"UI string from home.title","Typesprout â€” à¸à¸²à¸£à¸à¸´à¸¡à¸à¹Œà¸ªà¸³à¸«à¸£à¸±à¸šà¹€à¸”à¹‡à¸à¹à¸¥à¸°à¸à¸²à¸£à¹€à¸•à¸´à¸šà¹‚à¸•à¸‚à¸­à¸‡à¸•à¹‰à¸™à¹„à¸¡à¹‰"
home.upgradeRule1,"UI string from home.upgradeRule1","Masuk dan latih mengetik setiap hari untuk mengumpulkan waktu; cukup mulAI ujian untuk menghasilkan "waktu input yang efektif"."
home.upgradeRule2,"UI string from home.upgradeRule2","ë§¤ì¼ ì—°ìŠµí•˜ê¸°ë§Œ í•˜ë©´ í™œë™ì´ ìŒ“ì¼ ê²ƒì…ë‹ˆë‹¤. íƒ€ì´í•‘ì„ ì˜¤ë˜ í• ìˆ˜ë¡ ë” ë¹ ë¥´ê²Œ ì„±ì¥í•  ìˆ˜ ìˆìŠµë‹ˆë‹¤."
home.upgradeRule3,"UI string from home.upgradeRule3","Äáº¡t cáº¥p Ä‘á»™ 5 Ä‘á»ƒ báº¯t Ä‘áº§u táº¡o ra káº¿t quáº£ (Ä‘Æ¡m hoa káº¿t trÃ¡i)."
home.upgradeRule4,"UI string from home.upgradeRule4"," tandis que moins d'activitÃ© signifie dEscendre de niveau.""
home.upgradeRule5,"UI string from home.upgradeRule5"," vous continuerez Ã  porter des fruits.""
home.upgradeRule6,"UI string from home.upgradeRule6",""Die gesammelten FrÃ¼chte bieten Plattformbelohnungen basierend auf den Ranglisten; derzeit kann die Quizzeit genutzt werden"
home.upgradeRules,"UI string from home.upgradeRules",""ì—…ê·¸ë ˆì´ë“œ ê·œì¹™: ë§ˆì§€ë§‰ 5ì¼ ë™ì•ˆ"
home.visitorsDesc,"UI string from home.visitorsDesc","à¸à¸²à¸£à¸à¸£à¸°à¸ˆà¸²à¸¢à¸›à¸£à¸°à¹€à¸—à¸¨à¸‚à¸­à¸‡à¸œà¸¹à¹‰à¹€à¸‚à¹‰à¸²à¸Šà¸¡à¹€à¸§à¹‡à¸šà¹„à¸‹à¸•à¹Œà¹à¸¥à¸°à¸œà¸¹à¹‰à¹€à¸¥à¹ˆà¸™ (à¸ªà¸–à¸´à¸•à¸´à¸—à¸µà¹ˆà¹„à¸¡à¹ˆà¸£à¸°à¸šà¸¸à¸Šà¸·à¹ˆà¸­)"
howToUpgrade,"UI string from howToUpgrade","à¸§à¸´à¸˜à¸µà¸à¸²à¸£à¸­à¸±à¸›à¹€à¸à¸£à¸”"
introduction,"UI string from introduction"," donc cette politique vise Ã  expliquer quelles donnÃ©es nous collectons et comment nous utiliserons ces donnÃ©es.""
leaderboard.classCodePlaceholder,"UI string from leaderboard.classCodePlaceholder","à¸£à¸«à¸±à¸ªà¸„à¸¥à¸²à¸ª"
leaderboard.tooltip,"UI string from leaderboard.tooltip",""ğŸ† Comment le classement est-il calculÃ© ?&#10;â€¢ Classement quotidien : Performance d'aujourd'hui (heure locale)&#10;â€¢ Classement d'hier : Performance d'hier (heure locale)&#10;â€¢ Classement de la semAIne derniÃ¨re : Performance du lundi au dimanche de la semAIne derniÃ¨re&#10;â€¢ Classement du mois dernier : Performance du 1er Ã  la fin du mois dernier&#10;&#10;ğŸ“Š Comment le score est-il calculÃ© ?&#10;â€¢ Score global = Vitesse la plus rAPIde Ã— Taux de prÃ©cision Ã— Temps de pratique&#10;â€¢ Plusieurs pratiques le mÃªme jour seront combinÃ©es pour le calcul&#10;â€¢ Plus le temps de pratique est long"
meta.gardenDescription,"UI string from meta.gardenDescription","à¸ªà¹ˆà¸‡à¹€à¸ªà¸£à¸´à¸¡à¸à¸²à¸£à¹€à¸•à¸´à¸šà¹‚à¸•à¹à¸¥à¸°à¸£à¸²à¸‡à¸§à¸±à¸¥à¸‚à¸­à¸‡à¸•à¹‰à¸™à¹„à¸¡à¹‰à¸”à¹‰à¸§à¸¢à¸„à¸°à¹à¸™à¸™à¸à¸²à¸£à¸à¸´à¸¡à¸à¹Œ"
meta.homeDescription,"UI string from meta.homeDescription","à¹€à¸à¸¡à¸à¸¶à¸à¸à¸´à¸¡à¸à¹Œà¸ªà¸³à¸«à¸£à¸±à¸šà¹€à¸”à¹‡à¸à¹à¸¥à¸°à¹€à¸à¸¡à¸à¸²à¸£à¹€à¸•à¸´à¸šà¹‚à¸•à¸‚à¸­à¸‡à¸•à¹‰à¸™à¹„à¸¡à¹‰ à¸£à¸­à¸‡à¸£à¸±à¸šà¸ à¸²à¸©à¸²à¸ˆà¸µà¸™à¸•à¸±à¸§à¹€à¸•à¹‡à¸¡ / à¸ˆà¸µà¸™à¸•à¸±à¸§à¸¢à¹ˆà¸­ / à¸ à¸²à¸©à¸²à¸­à¸±à¸‡à¸à¸¤à¸©"
meta.leaderboardDescription,"UI string from meta.leaderboardDescription","DAIly/Weekly/Monthly à¸à¸²à¸£à¸ˆà¸±à¸”à¸­à¸±à¸™à¸”à¸±à¸šà¸•à¸²à¸¡à¸ à¸²à¸©à¸²"
meta.practiceDescription,"UI string from meta.practiceDescription"," prenant en charge les mÃ©thodes de sAIsie et divers modes.""
meta.profileDescription,"UI string from meta.profileDescription",""Vos informations personnelles"
meta.result,"UI string from meta.result","à¸œà¸¥à¸¥à¸±à¸à¸˜à¹Œ"
meta.resultDescription,"UI string from meta.resultDescription","à¸œà¸¥à¸à¸²à¸£à¸—à¸”à¸ªà¸­à¸šà¸à¸²à¸£à¸à¸´à¸¡à¸à¹Œà¸‚à¸­à¸‡à¸„à¸¸à¸“ã€‚"
meta.testDescription,"UI string from meta.testDescription"," affichant la prÃ©cision et le score global.""
nav.garden,"UI string from nav.garden","à¸›à¸¥à¸¹à¸à¸•à¹‰à¸™à¹„à¸¡à¹‰"
nav.home,"UI string from nav.home","à¸šà¹‰à¸²à¸™"
nav.leaderboard,"UI string from nav.leaderboard","à¸à¸£à¸°à¸”à¸²à¸™à¸„à¸°à¹à¸™à¸™"
nav.practice,"UI string from nav.practice","à¸à¸¶à¸à¸à¸™"
nav.profile,"UI string from nav.profile","à¸ªà¹ˆà¸§à¸™à¸•à¸±à¸§"
nav.subtitle,"UI string from nav.subtitle","à¸à¸²à¸£à¸à¸´à¸¡à¸à¹Œà¸ªà¸³à¸«à¸£à¸±à¸šà¹€à¸”à¹‡à¸à¹à¸¥à¸°à¸à¸²à¸£à¹€à¸•à¸´à¸šà¹‚à¸•à¸‚à¸­à¸‡à¸•à¹‰à¸™à¹„à¸¡à¹‰"
nav.test,"UI string from nav.test","à¸—à¸”à¸ªà¸­à¸š"
notice,"UI string from notice"," pare de usar este serviÃ§o imediatamente. Continuar a usar o serviÃ§o significa que vocÃª leu"
percentile,"UI string from percentile","à¸¡à¸²à¸à¸à¸§à¹ˆà¸²à¸›à¸£à¸°à¸¡à¸²à¸“ {{percent}}% à¸‚à¸­à¸‡à¸œà¸¹à¹‰à¸„à¸™"
profile.chartDescription,"UI string from profile.chartDescription","ìƒë‹¨: ì „ì²´ ì ìˆ˜ ì¶”ì„¸; í•˜ë‹¨: ì •í™•ë„ ì¶”ì„¸. ë¨¼ì € ì •í™•ë„ë¥¼ ë†’ì¸ í›„ ì ì°¨ ì†ë„ë¥¼ ë†’ì´ì„¸ìš”."
profile.classCode,"UI string from profile.classCode","à¸£à¸«à¸±à¸ªà¸„à¸¥à¸²à¸ª"
profile.classCodePlaceholder,"UI string from profile.classCodePlaceholder"," Ã©vitez simplement les doublons.""
profile.classCodeTooltip,"UI string from profile.classCodeTooltip"," ils seront ajoutÃ©s automatiquement (pas automatiquement si dÃ©jÃ  Ã  5).""
recentValue,"UI string from recentValue","à¹€à¸¡à¸·à¹ˆà¸­à¹€à¸£à¹‡à¸§ à¹† à¸™à¸µà¹‰ {{value}} {{trend}}"
recordNumber,"UI string from recordNumber","à¸£à¸²à¸¢à¸à¸²à¸£ {{number}}"
relativeScale,"UI string from relativeScale","Tá»· lá»‡ tÆ°Æ¡ng Ä‘á»‘i: Xanh â‰¤30% Â· VÃ ng â‰¤70% Â· Äá» ï¼70% (so vá»›i phÃ­m lá»—i cao nháº¥t; Ä‘Æ°á»£c tÃ­nh toÃ¡n dá»±a trÃªn tá»· lá»‡ lá»—i "tÃ­ch lÅ©y gáº§n Ä‘Ã¢y nháº¥t")"
result.accuracyTooltip,"UI string from result.accuracyTooltip",""PrÃ©cision = CaractÃ¨res Corrects Ã· Total des CaractÃ¨res dans l'Invite. Remarque : Les CaractÃ¨res Non SAIsis sont Ã©galement comptÃ©s dans le total des caractÃ¨res"
result.chartDescription,"UI string from result.chartDescription",""ìƒë‹¨: ì „ì²´ ì ìˆ˜ ì¶”ì„¸; í•˜ë‹¨: ì •í™•ë„ ì¶”ì„¸. ì „ì²´ ì ìˆ˜ëŠ” ì†ë„ì™€ ì •í™•ë„ë¥¼ ê²°í•©í•œ ê²ƒì…ë‹ˆë‹¤. ë¨¼ì € ì •í™•ë„ë¥¼ í–¥ìƒì‹œí‚¤ê³ "
result.scoreTooltip,"UI string from result.scoreTooltip"," die nur auf korrekten Zeichen basiert. Berechnungsmethode: GEschwindigkeit (WPM/CPM) Ã— Genauigkeitsrate. Zweck: Zuerst die Genauigkeitsrate zu sTabilisieren und dann schrittweise die GEschwindigkeit zu erhÃ¶hen.""
section1.gameData.content,"UI string from section1.gameData.content"," incluindo velocidade (WPM)"
section1.gameData.title,"UI string from section1.gameData.title","à¸‚à¹‰à¸­à¸¡à¸¹à¸¥à¹€à¸à¸¡:"
section1.googleAuth.content,"UI string from section1.googleAuth.content"," usaremos apenas o serviÃ§o de autenticaÃ§Ã£o do Google para verificar sua identidade e criar um ID de usuÃ¡rio anÃ´nimo exclusivo para vocÃª. NÃ£o solicitaremos"
section1.googleAuth.title,"UI string from section1.googleAuth.title","à¸à¸²à¸£à¸•à¸£à¸§à¸ˆà¸ªà¸­à¸šà¸ªà¸´à¸—à¸˜à¸´à¹Œà¸”à¹‰à¸§à¸¢ Google Sign-In:"
section1.principle,"UI string from section1.principle","Kami berpegang pada prinsip penyederhanaan dan hanya mengumpulkan data yang diperlukan untuk menjaga operasi layanan kami:"
section1.technicalData.googleAdsense,"UI string from section1.technicalData.googleAdsense","Google AdSense (Annunci): Potremmo utilizzare Google AdSense in futuro per visualizzare annunci a supporto dei costi operativi del sito web. Google e i suoi partner potrebbero utilizzare i Cookie (come il Cookie di DoubleClick) per mostrarti annunci personalizzati basati sulla tua cronologia di navigazione passata."
section1.technicalData.googleAnalytics,"UI string from section1.technicalData.googleAnalytics"," como seu endereÃ§o IP"
section1.technicalData.title,"UI string from section1.technicalData.title","à¸‚à¹‰à¸­à¸¡à¸¹à¸¥à¸—à¸²à¸‡à¹€à¸—à¸„à¸™à¸´à¸„à¸—à¸µà¹ˆà¸–à¸¹à¸à¸£à¸§à¸šà¸£à¸§à¸¡à¹‚à¸”à¸¢à¸šà¸£à¸´à¸à¸²à¸£à¸‚à¸­à¸‡à¸šà¸¸à¸„à¸„à¸¥à¸—à¸µà¹ˆà¸ªà¸²à¸¡à¹‚à¸”à¸¢à¸­à¸±à¸•à¹‚à¸™à¸¡à¸±à¸•à¸´:"
section1.title,"UI string from section1.title","1. CÃ¡c loáº¡i dá»¯ liá»‡u chÃºng tÃ´i thu tháº­p"
section1.voluntaryInfo.content,"UI string from section1.voluntaryInfo.content",""VocÃª pode opcionalmente fornecer sua fAIxa etÃ¡ria"
section1.voluntaryInfo.title,"UI string from section1.voluntaryInfo.title","à¸œà¸¹à¹‰à¹ƒà¸Šà¹‰à¹„à¸”à¹‰à¹ƒà¸«à¹‰à¸‚à¹‰à¸­à¸¡à¸¹à¸¥à¸—à¸µà¹ˆà¹„à¸¡à¹ˆà¹à¸¡à¹ˆà¸™à¸¢à¸³à¹‚à¸”à¸¢à¸ªà¸¡à¸±à¸„à¸£à¹ƒà¸ˆ (à¹„à¸¡à¹ˆà¸šà¸±à¸‡à¸„à¸±à¸š):"
section2.coreFunction,"UI string from section2.coreFunction","ã‚³ã‚¢æ©Ÿèƒ½ï¼šã‚ãªãŸã®åŒ¿åãƒ¦ãƒ¼ã‚¶ãƒ¼IDã¨ã‚²ãƒ¼ãƒ ãƒ‡ãƒ¼ã‚¿ã¯ã€ã“ã®ã‚µãƒ¼ãƒ“ã‚¹ã®ã‚³ã‚¢æ©Ÿèƒ½ã®ä¸€éƒ¨ã§ã‚ã‚Šã€ã‚¹ã‚³ã‚¢ã‚’è¨˜éŒ²ã—ã€å±¥æ­´ãƒãƒ£ãƒ¼ãƒˆã‚„ã‚°ãƒ­ãƒ¼ãƒãƒ«ãƒªãƒ¼ãƒ€ãƒ¼ãƒœãƒ¼ãƒ‰ã‚’æä¾›ã™ã‚‹ãŸã‚ã«ä½¿ç”¨ã•ã‚Œã¾ã™ã€‚"
section2.experienceOptimization,"UI string from section2.experienceOptimization",""Optimisation de l'expÃ©rience : L'Ã¢ge"
section2.serviceMaintenance,"UI string from section2.serviceMaintenance","Báº£o trÃ¬ dá»‹ch vá»¥: Dá»¯ liá»‡u ká»¹ thuáº­t thu tháº­p qua Google Analytics giÃºp chÃºng tÃ´i hiá»ƒu hiá»‡u suáº¥t cá»§a trang web vÃ  kháº¯c phá»¥c cÃ¡c váº¥n Ä‘á» tiá»m áº©n."
section2.statisticalAnalysis,"UI string from section2.statisticalAnalysis","PhÃ¢n tÃ­ch thá»‘ng kÃª: ChÃºng tÃ´i sáº½ áº©n danh vÃ  tá»•ng há»£p táº¥t cáº£ thÃ´ng tin mÃ  ngÆ°á»i dÃ¹ng cung cáº¥p má»™t cÃ¡ch tá»± nguyá»‡n Ä‘á»ƒ hiá»ƒu rÃµ hÆ¡n vá» há»“ sÆ¡ tá»•ng thá»ƒ cá»§a nhÃ³m ngÆ°á»i dÃ¹ng vÃ  cáº£i thiá»‡n dá»‹ch vá»¥ cá»§a chÃºng tÃ´i."
section2.title,"UI string from section2.title","2. à¹€à¸£à¸²à¹ƒà¸Šà¹‰à¸‚à¹‰à¸­à¸¡à¸¹à¸¥à¸‚à¸­à¸‡à¸„à¸¸à¸“à¸­à¸¢à¹ˆà¸²à¸‡à¹„à¸£"
section3.crossBorderTransfer,"UI string from section3.crossBorderTransfer"," nos Estados Unidos). Ao utilizar este serviÃ§o"
section3.dataRetention,"UI string from section3.dataRetention",""Datenaufbewahrung: Da dieser Dienst vÃ¶llig kostenlos ist"
section3.storageLocation,"UI string from section3.storageLocation"," tandis que vos donnÃ©es de jeu et les informations fournies volontAIrement sont stockÃ©es dans une base de donnÃ©es sur Google Firebase.""
section3.title,"UI string from section3.title","3. à¸à¸²à¸£à¸ˆà¸±à¸”à¹€à¸à¹‡à¸šà¸‚à¹‰à¸­à¸¡à¸¹à¸¥à¹à¸¥à¸°à¸à¸²à¸£à¸–à¹ˆà¸²à¸¢à¹‚à¸­à¸™à¸‚à¹‰à¸²à¸¡à¸à¸£à¸¡à¹à¸”à¸™"
section4.advertisingCookies,"UI string from section4.advertisingCookies",""ê´‘ê³  ì¿ í‚¤: ìœ„ì—ì„œ ì–¸ê¸‰í•œ ë°”ì™€ ê°™ì´"
section4.functionalCookies,"UI string from section4.functionalCookies","Cookie Chá»©c NÄƒng: ChÃºng tÃ´i sá»­ dá»¥ng cookie Ä‘á»ƒ duy trÃ¬ tráº¡ng thÃ¡i Ä‘Äƒng nháº­p cá»§a báº¡n."
section4.title,"UI string from section4.title","4. à¹€à¸à¸µà¹ˆà¸¢à¸§à¸à¸±à¸šà¸„à¸¸à¸à¸à¸µà¹‰à¹à¸¥à¸°à¸à¸²à¸£à¹‚à¸†à¸©à¸“à¸²"
section5.contactChannel,"UI string from section5.contactChannel","ãŠå•ã„åˆã‚ã›: ã“ã®ãƒ—ãƒ©ã‚¤ãƒã‚·ãƒ¼ãƒãƒªã‚·ãƒ¼ã«é–¢ã—ã¦è³ªå•ãŒã‚ã‚‹å ´åˆã‚„ã€ãƒ‡ãƒ¼ã‚¿ã®æ¨©åˆ©ï¼ˆã‚¢ã‚¯ã‚»ã‚¹ã€ä¿®æ­£ã€å‰Šé™¤ãªã©ï¼‰ã‚’è¡Œä½¿ã—ãŸã„å ´åˆã¯ã€å…¬å¼ã®GitHub Issuesãƒšãƒ¼ã‚¸ã‚’é€šã˜ã¦ãƒªã‚¯ã‚¨ã‚¹ãƒˆã‚’é€ä¿¡ã—ã¦ãã ã•ã„ã€‚"
section5.githubLink,"UI string from section5.githubLink","https://github.com/yveschen001/typesprout-pubic/issues"
section5.importantReminder,"UI string from section5.importantReminder"," note que o GitHub Issues Ã© uma plataforma pÃºblica. Para proteger sua privacidade pessoal"
section5.responseTime,"UI string from section5.responseTime"," nous rÃ©pondrons dÃ¨s que possible dans la mesure de nos capacitÃ©s. Merci de votre patience et de votre comprÃ©hension.""
section5.title,"UI string from section5.title","5. à¸ªà¸´à¸—à¸˜à¸´à¸‚à¸­à¸‡à¸„à¸¸à¸“à¹à¸¥à¸°à¸‚à¹‰à¸­à¸¡à¸¹à¸¥à¸à¸²à¸£à¸•à¸´à¸”à¸•à¹ˆà¸­"
speedChartAriaLabel,"UI string from speedChartAriaLabel",""Gesamtpunktestand Trenddiagramm: Je hÃ¶her die Linie"
speedChartTitle,"UI string from speedChartTitle","à¸„à¸°à¹à¸™à¸™à¸£à¸§à¸¡ (à¸„à¸§à¸²à¸¡à¹€à¸£à¹‡à¸§à¸—à¸µà¹ˆà¸–à¸¹à¸à¸•à¹‰à¸­à¸‡)"
speedChartTooltip,"UI string from speedChartTooltip",""ìˆ˜ì§ ì¶•: ì „ì²´ ì ìˆ˜ (ë†’ì„ìˆ˜ë¡ ì¢‹ìŒ); ìˆ˜í‰ ì¶•: ì‹œê°„ ìˆœì„œ. ì´ˆë¡ìƒ‰ ì„ ì€ ì •í™•í•œ ë‹¨ì–´ë§Œì„ ê¸°ë°˜ìœ¼ë¡œ í•œ ì†ë„ë¥¼ ë‚˜íƒ€ë‚´ë©°"
speedScore,"UI string from speedScore","à¸„à¸°à¹à¸™à¸™à¸£à¸§à¸¡: {{score}}"
terms.footer,"UI string from terms.footer","Â© 2025 Typesprout. à¸ªà¸‡à¸§à¸™à¸¥à¸´à¸‚à¸ªà¸´à¸—à¸˜à¸´à¹Œà¸—à¸±à¹‰à¸‡à¸«à¸¡à¸”."
terms.lastUpdated,"UI string from terms.lastUpdated","Cáº­p nháº­t láº§n cuá»‘i: NgÃ y 21 thÃ¡ng 9 nÄƒm 2025"
terms.section1.content1,"UI string from terms.section1.content1"," ì‚¬ìš©ì(íŠ¹íˆ ì–´ë¦°ì´ì™€ í•™ìŠµì)ì—ê²Œ ê°„ë‹¨í•œ ì˜¨ë¼ì¸ íƒ€ì´í•‘ ì—°ìŠµ í™˜ê²½ì„ ì œê³µí•˜ëŠ” ê²ƒì„ ëª©í‘œë¡œ í•©ë‹ˆë‹¤.""
terms.section1.content2,"UI string from terms.section1.content2",""Ao acessar ou usar este serviÃ§o"
terms.section1.title,"UI string from terms.section1.title","1. à¸‚à¹‰à¸­à¸à¸³à¸«à¸™à¸”à¸—à¸±à¹ˆà¸§à¹„à¸›à¹à¸¥à¸°à¸à¸²à¸£à¸¢à¸­à¸¡à¸£à¸±à¸šà¹€à¸‡à¸·à¹ˆà¸­à¸™à¹„à¸‚"
terms.section2.content1,"UI string from terms.section2.content1","Má»¥c Ä‘Ã­ch duy nháº¥t cá»§a dá»‹ch vá»¥ nÃ y lÃ  cung cáº¥p thá»±c hÃ nh ká»¹ nÄƒng gÃµ phÃ­m. ÄÃ¢y khÃ´ng pháº£i lÃ  cÃ´ng cá»¥ nghiÃªn cá»©u há»c thuáº­t hay giÃ¡o dá»¥c tÃ´n giÃ¡o. Táº¥t cáº£ ná»™i dung trÃªn trang web chá»‰ phá»¥c vá»¥ cho má»¥c Ä‘Ã­ch nÃ y."
terms.section2.content2,"UI string from terms.section2.content2",""Um einen umfangreichen Ãœbungstext bereitzustellen"
terms.section2.content3,"UI string from terms.section2.content3"," em vez de referÃªncias acadÃªmicas ou religiosas precisas. Os usuÃ¡rios devem entender completamente isso antes de usar.""
terms.section2.listItem1,"UI string from terms.section2.listItem1",""Contenu gÃ©nÃ©rÃ© par l'IA : CertAIns articles d'entraÃ®nement sont analysÃ©s"
terms.section2.listItem2,"UI string from terms.section2.listItem2"," un texte Alternatif peut Ãªtre gÃ©nÃ©rÃ© par le modÃ¨le d'IA.""
terms.section2.subtitle1,"UI string from terms.section2.subtitle1","à¸§à¸±à¸•à¸–à¸¸à¸›à¸£à¸°à¸ªà¸‡à¸„à¹Œà¸‚à¸­à¸‡à¸šà¸£à¸´à¸à¸²à¸£:"
terms.section2.subtitle2,"UI string from terms.section2.subtitle2","à¹à¸«à¸¥à¹ˆà¸‡à¸‚à¹‰à¸­à¸¡à¸¹à¸¥à¸‚à¸­à¸‡à¹€à¸™à¸·à¹‰à¸­à¸«à¸²à¸˜à¸™à¸²à¸„à¸²à¸£à¸„à¸³à¸–à¸²à¸¡à¹à¸¥à¸°à¸‚à¹‰à¸­à¸ˆà¸³à¸à¸±à¸”à¸„à¸§à¸²à¸¡à¸£à¸±à¸šà¸œà¸´à¸”à¸Šà¸­à¸š:"
terms.section2.title,"UI string from terms.section2.title","2. à¸„à¸³à¸­à¸˜à¸´à¸šà¸²à¸¢à¸šà¸£à¸´à¸à¸²à¸£à¹à¸¥à¸°à¹à¸«à¸¥à¹ˆà¸‡à¸‚à¹‰à¸­à¸¡à¸¹à¸¥à¹€à¸™à¸·à¹‰à¸­à¸«à¸²"
terms.section3.content1,"UI string from terms.section3.content1",""Concedemos a vocÃª uma licenÃ§a pessoal"
terms.section3.content2,"UI string from terms.section3.content2"," distribuir"
terms.section3.subtitle1,"UI string from terms.section3.subtitle1","à¹ƒà¸šà¸­à¸™à¸¸à¸à¸²à¸•à¸à¸²à¸£à¹ƒà¸Šà¹‰à¸‡à¸²à¸™à¸ªà¹ˆà¸§à¸™à¸šà¸¸à¸„à¸„à¸¥à¸—à¸µà¹ˆà¹„à¸¡à¹ˆà¹ƒà¸Šà¹ˆà¹€à¸Šà¸´à¸‡à¸à¸²à¸“à¸´à¸Šà¸¢à¹Œ:"
terms.section3.subtitle2,"UI string from terms.section3.subtitle2","à¸«à¹‰à¸²à¸¡à¹ƒà¸Šà¹‰à¹€à¸à¸·à¹ˆà¸­à¸à¸²à¸£à¸„à¹‰à¸²à¸­à¸¢à¹ˆà¸²à¸‡à¹€à¸„à¸£à¹ˆà¸‡à¸„à¸£à¸±à¸”:"
terms.section3.title,"UI string from terms.section3.title","3. à¸à¸²à¸£à¸­à¸™à¸¸à¸à¸²à¸•à¸à¸²à¸£à¹ƒà¸Šà¹‰à¸‡à¸²à¸™à¹à¸¥à¸°à¸‚à¹‰à¸­à¸ˆà¸³à¸à¸±à¸”"
terms.section4.content1,"UI string from terms.section4.content1","Anda bertanggung jawab untuk menjaga keamanan informasi login akun Anda dan untuk semua aktivitas yang terjadi di bawah akun Anda."
terms.section4.content2,"UI string from terms.section4.content2"," hackear"
terms.section4.subtitle1,"UI string from terms.section4.subtitle1","à¸„à¸§à¸²à¸¡à¸›à¸¥à¸­à¸”à¸ à¸±à¸¢à¸‚à¸­à¸‡à¸šà¸±à¸à¸Šà¸µ:"
terms.section4.subtitle2,"UI string from terms.section4.subtitle2","à¸«à¹‰à¸²à¸¡à¸à¸²à¸£à¸¥à¸°à¹€à¸¡à¸´à¸”à¹à¸¥à¸°à¸à¸²à¸£à¹‚à¸à¸‡:"
terms.section4.title,"UI string from terms.section4.title","4. à¸„à¸§à¸²à¸¡à¸£à¸±à¸šà¸œà¸´à¸”à¸Šà¸­à¸šà¸‚à¸­à¸‡à¸œà¸¹à¹‰à¹ƒà¸Šà¹‰"
terms.section5.content1,"UI string from terms.section5.content1"," operaciÃ³n sin errores o disponibilidad ininterrumpida del servicio.""
terms.section5.content2,"UI string from terms.section5.content2"," ni ne garantissons la prÃ©servation permanente des donnÃ©es.""
terms.section5.content3,"UI string from terms.section5.content3",""ìš°ë¦¬ëŠ” ì‚¬ì „ í†µë³´ ì—†ì´ ì–¸ì œë“ ì§€ ì–´ë–¤ ì´ìœ ë¡œë“  ì´ ì„œë¹„ìŠ¤ë¥¼ ìˆ˜ì •"
terms.section5.subtitle1,"UI string from terms.section5.subtitle1","à¸•à¸²à¸¡à¸—à¸µà¹ˆà¸£à¸°à¸šà¸¸à¹„à¸§à¹‰:"
terms.section5.subtitle2,"UI string from terms.section5.subtitle2","à¸‚à¹‰à¸­à¸¡à¸¹à¸¥à¸—à¸µà¹ˆà¸šà¸±à¸™à¸—à¸¶à¸à¹à¸¥à¹‰à¸§:"
terms.section5.subtitle3,"UI string from terms.section5.subtitle3","à¸ªà¸´à¸—à¸˜à¸´à¹ƒà¸™à¸à¸²à¸£à¸¢à¸à¹€à¸¥à¸´à¸à¸šà¸£à¸´à¸à¸²à¸£:"
terms.section5.title,"UI string from terms.section5.title","5. à¸‚à¹‰à¸­à¸ˆà¸³à¸à¸±à¸”à¹à¸¥à¸°à¸à¸²à¸£à¸›à¸à¸´à¹€à¸ªà¸˜à¸„à¸§à¸²à¸¡à¸£à¸±à¸šà¸œà¸´à¸”"
terms.section6.content,"UI string from terms.section6.content"," ao usar este serviÃ§o"
terms.section6.title,"UI string from terms.section6.title","6. à¸™à¹‚à¸¢à¸šà¸²à¸¢à¸„à¸§à¸²à¸¡à¹€à¸›à¹‡à¸™à¸ªà¹ˆà¸§à¸™à¸•à¸±à¸§"
terms.section7.content1,"UI string from terms.section7.content1",""Si vous avez des questions concernant ces conditions de service"
terms.section7.title,"UI string from terms.section7.title","7. à¸‚à¹‰à¸­à¸¡à¸¹à¸¥à¸à¸²à¸£à¸•à¸´à¸”à¸•à¹ˆà¸­"
terms.section7.warning,"UI string from terms.section7.warning",""Bitte beachten Sie"
terms.title,"UI string from terms.title","à¸›à¸£à¸°à¹€à¸ à¸—à¸‚à¸­à¸‡à¸šà¸£à¸´à¸à¸²à¸£ Typesprout"
terms.titleSuffix,"UI string from terms.titleSuffix","à¸‚à¹‰à¸­à¸•à¸à¸¥à¸‡à¹ƒà¸™à¸à¸²à¸£à¹ƒà¸«à¹‰à¸šà¸£à¸´à¸à¸²à¸£"
test.chartDescription,"UI string from test.chartDescription",""ìƒë‹¨: ì „ì²´ ì ìˆ˜ ì¶”ì„¸; í•˜ë‹¨: ì •í™•ë„ ì¶”ì„¸. ë¨¼ì € ì •í™•ë„ë¥¼ 90% ì´ìƒìœ¼ë¡œ ì•ˆì •í™”í•œ í›„"
test.insightsSummary,"UI string from test.insightsSummary","à¸à¸²à¸£à¸§à¸´à¹€à¸„à¸£à¸²à¸°à¸«à¹Œà¹€à¸Šà¸´à¸‡à¸¥à¸¶à¸ (à¹à¸™à¸§à¹‚à¸™à¹‰à¸¡à¸„à¸§à¸²à¸¡à¹€à¸£à¹‡à¸§à¹à¸¥à¸°à¸„à¸§à¸²à¸¡à¹à¸¡à¹ˆà¸™à¸¢à¸³)"
test.metricsTip,"UI string from test.metricsTip","à¸„à¸³à¸­à¸˜à¸´à¸šà¸²à¸¢à¹€à¸à¸µà¹ˆà¸¢à¸§à¸à¸±à¸šà¸„à¸§à¸²à¸¡à¹€à¸£à¹‡à¸§à¹à¸¥à¸°à¸„à¸§à¸²à¸¡à¹à¸¡à¹ˆà¸™à¸¢à¸³"
test.questionText,"UI string from test.questionText","à¸‚à¹‰à¸­à¸„à¸§à¸²à¸¡à¸„à¸³à¸–à¸²à¸¡ (à¹„à¸¡à¹ˆà¸ªà¸²à¸¡à¸²à¸£à¸–à¹€à¸¥à¸·à¸­à¸à¸«à¸£à¸·à¸­à¸„à¸±à¸”à¸¥à¸­à¸à¹„à¸”à¹‰)"
test.startMessage,"UI string from test.startMessage"," veuillez taper le texte ci-dessus. Le collage n'est pas autorisÃ©.""
test.title,"UI string from test.title","à¸à¸²à¸£à¸—à¸”à¸ªà¸­à¸šà¸à¸²à¸£à¸à¸´à¸¡à¸à¹Œ"
timeSpent,"UI string from timeSpent","à¹€à¸§à¸¥à¸²à¸—à¸µà¹ˆà¹ƒà¸Šà¹‰: {{seconds}} à¸§à¸´à¸™à¸²à¸—à¸µ"
title,"UI string from title","à¸™à¹‚à¸¢à¸šà¸²à¸¢à¸„à¸§à¸²à¸¡à¹€à¸›à¹‡à¸™à¸ªà¹ˆà¸§à¸™à¸•à¸±à¸§à¸‚à¸­à¸‡ Typesprout"
titleSuffix,"UI string from titleSuffix","à¸™à¹‚à¸¢à¸šà¸²à¸¢à¸„à¸§à¸²à¸¡à¹€à¸›à¹‡à¸™à¸ªà¹ˆà¸§à¸™à¸•à¸±à¸§"
totalQuestionChars,"UI string from totalQuestionChars","à¸ˆà¸³à¸™à¸§à¸™à¸„à¸³à¸—à¸±à¹‰à¸‡à¸«à¸¡à¸”: {{chars}} à¸•à¸±à¸§à¸­à¸±à¸à¸©à¸£"
ui.closeHint,"UI string from ui.closeHint","à¸›à¸´à¸”à¸„à¸³à¹à¸™à¸°à¸™à¸³"
ui.later,"UI string from ui.later","à¸ à¸²à¸¢à¸«à¸¥à¸±à¸‡"
ui.loginSuggestion,"UI string from ui.loginSuggestion","Kami sarankan untuk menggunakan opsi "Masuk dengan Google" di pojok kanan atas untuk menyimpan skor dan kemajuan Anda; situs web ini menghargAI anonimitas dan privasi serta tidak akan menyimpan informasi pribadi yang sensitif."
ui.string089,"UI string from ui.string089"," accedi prima.""
ui.string090,"UI string from ui.string090","à¸‚à¹‰à¸­à¸¡à¸¹à¸¥à¸ªà¹ˆà¸§à¸™à¸šà¸¸à¸„à¸„à¸¥"
ui.string091,"UI string from ui.string091","à¸à¸¥à¸±à¸šà¹„à¸›à¸—à¸µà¹ˆà¸«à¸™à¹‰à¸²à¹à¸£à¸"
ui.string092,"UI string from ui.string092","à¸™à¹‚à¸¢à¸šà¸²à¸¢à¸„à¸§à¸²à¸¡à¹€à¸›à¹‡à¸™à¸ªà¹ˆà¸§à¸™à¸•à¸±à¸§"
ui.string093,"UI string from ui.string093","ChÃºng tÃ´i khÃ´ng thu tháº­p dá»¯ liá»‡u cÃ¡ nhÃ¢n; dá»¯ liá»‡u thá»‘ng kÃª chá»‰ Ä‘Æ°á»£c sá»­ dá»¥ng cho báº£ng xáº¿p háº¡ng áº©n danh vÃ  pháº£n há»“i há»c táº­p."
ui.string094,"UI string from ui.string094","à¸šà¸±à¸™à¸—à¸¶à¸à¸„à¸§à¸²à¸¡à¸à¹‰à¸²à¸§à¸«à¸™à¹‰à¸²à¹à¸¥à¸°à¸›à¸£à¸°à¸§à¸±à¸•à¸´à¸‚à¸­à¸‡à¸„à¸¸à¸“à¹‚à¸”à¸¢à¹ƒà¸Šà¹‰à¹€à¸à¸µà¸¢à¸‡à¸šà¸±à¸à¸Šà¸µ Google à¸‚à¸­à¸‡à¸„à¸¸à¸“à¹€à¸—à¹ˆà¸²à¸™à¸±à¹‰à¸™"
ui.string095,"UI string from ui.string095","à¹€à¸£à¸²à¸£à¸§à¸šà¸£à¸§à¸¡à¸‚à¹‰à¸­à¸¡à¸¹à¸¥à¸­à¸°à¹„à¸£à¸šà¹‰à¸²à¸‡?"
ui.string096,"UI string from ui.string096"," ì •í™•ë„ ë° ì—°ìŠµ ì‹œê°„ì„ ìˆ˜ì§‘í•©ë‹ˆë‹¤. ìš°ë¦¬ëŠ” ì´ë¦„ì´ë‚˜ ì´ë©”ì¼ê³¼ ê°™ì€ ê°œì¸ì ì¸ ë¯¼ê°í•œ ì •ë³´ë¥¼ ìˆ˜ì§‘í•˜ì§€ ì•ŠìŠµë‹ˆë‹¤.""
ui.string097,"UI string from ui.string097","Sá»­ dá»¥ng dá»¯ liá»‡u nÃ y Ä‘á»ƒ cung cáº¥p pháº£n há»“i cÃ¡ nhÃ¢n hÃ³a vÃ  thá»ƒ hiá»‡n hÃ nh trÃ¬nh tiáº¿n bá»™ cá»§a báº¡n."
ui.string154,"UI string from ui.string154","à¸‚à¹‰à¸­à¸à¸³à¸«à¸™à¸”à¹ƒà¸™à¸à¸²à¸£à¹ƒà¸«à¹‰à¸šà¸£à¸´à¸à¸²à¸£"
ui.string155,"UI string from ui.string155"," vous acceptez les termes suivants :""
ui.string156,"UI string from ui.string156","à¸„à¸¸à¸“à¹€à¸›à¹‡à¸™à¸œà¸¹à¹‰à¸£à¸±à¸šà¸œà¸´à¸”à¸Šà¸­à¸šà¸à¸²à¸£à¹€à¸£à¸µà¸¢à¸™à¸£à¸¹à¹‰à¹à¸¥à¸°à¸„à¸§à¸²à¸¡à¸à¹‰à¸²à¸§à¸«à¸™à¹‰à¸²à¸‚à¸­à¸‡à¸•à¸±à¸§à¹€à¸­à¸‡"
ui.string157,"UI string from ui.string157","à¹€à¸™à¸·à¹‰à¸­à¸«à¸²à¸‚à¸­à¸‡à¸‚à¹‰à¸­à¸à¸³à¸«à¸™à¸”à¸„à¸·à¸­à¸­à¸°à¹„à¸£?"
ui.string158,"UI string from ui.string158"," ë‹¤ë¥¸ ì‚¬ìš©ìë¥¼ ì¡´ì¤‘í•˜ëŠ” ë‚´ìš©ì´ í¬í•¨ë©ë‹ˆë‹¤.""
ui.string200,"UI string from ui.string200","Kami sarankan untuk menggunakan opsi "Masuk dengan Google" di sudut kanan atas untuk menyimpan skor dan kemajuan Anda; situs web ini menghargAI anonimitas dan privasi serta tidak akan menyimpan informasi pribadi yang sensitif."
ui.string201,"UI string from ui.string201","à¸ à¸²à¸¢à¸«à¸¥à¸±à¸‡"
ui.string202,"UI string from ui.string202","Pengingat: Anda belum berlatih hari ini! Gerakkan tangan Anda setiap hari untuk membantu pohon kecil tumbuh lebih kuat."
upgradeRule1,"UI string from upgradeRule1","à¸à¸¶à¸à¸à¸´à¸¡à¸à¹Œà¸­à¸¢à¹ˆà¸²à¸‡à¸™à¹‰à¸­à¸¢ 10 à¸™à¸²à¸—à¸µà¸—à¸¸à¸à¸§à¸±à¸™"
upgradeRule2,"UI string from upgradeRule2","à¸£à¸±à¸à¸©à¸²à¸„à¸§à¸²à¸¡à¸–à¸¹à¸à¸•à¹‰à¸­à¸‡à¹ƒà¸«à¹‰à¸ªà¸¹à¸‡à¸à¸§à¹ˆà¸² 80%"
upgradeRule3,"UI string from upgradeRule3","à¸—à¸³à¸à¸²à¸£à¸—à¸”à¸ªà¸­à¸šà¸à¸²à¸£à¸à¸´à¸¡à¸à¹Œà¸­à¸¢à¹ˆà¸²à¸‡à¸™à¹‰à¸­à¸¢ 3 à¸„à¸£à¸±à¹‰à¸‡à¸—à¸¸à¸à¸§à¸±à¸™ã€‚"
upgradeRule4,"UI string from upgradeRule4","à¹ƒà¸Šà¹‰à¸•à¸³à¹à¸«à¸™à¹ˆà¸‡à¸™à¸´à¹‰à¸§à¸—à¸µà¹ˆà¸–à¸¹à¸à¸•à¹‰à¸­à¸‡"
upgradeRule5,"UI string from upgradeRule5","à¸à¸¶à¸à¸à¸™à¸£à¸°à¸”à¸±à¸šà¸„à¸§à¸²à¸¡à¸¢à¸²à¸à¸—à¸µà¹ˆà¹à¸•à¸à¸•à¹ˆà¸²à¸‡à¸à¸±à¸™"
upgradeRule6,"UI string from upgradeRule6","à¸£à¸±à¸à¸©à¸²à¸„à¸§à¸²à¸¡à¸ªà¸¡à¹ˆà¸³à¹€à¸ªà¸¡à¸­à¹ƒà¸™à¸à¸²à¸£à¸à¸¶à¸à¸à¸™à¸—à¸¸à¸à¸§à¸±à¸™"
upgradeRules,"UI string from upgradeRules","à¸à¸à¸à¸²à¸£à¸­à¸±à¸›à¹€à¸à¸£à¸”"
ui.string203,"Complete Traditional Chinese sentence with variable placeholders for AI translation","à¸§à¸±à¸™à¸™à¸µà¹‰: {current}/{total} (à¹€à¸«à¸¥à¸·à¸­ {remaining})"
ui.string204,"Complete Traditional Chinese sentence with variable placeholders for AI translation","à¸›à¸£à¸°à¸¡à¸²à¸“ {minutes} à¸™à¸²à¸—à¸µ"
ui.string205,"Complete Traditional Chinese sentence with variable placeholders for AI translation",""í¬ì¸íŠ¸ë¥¼ ì–»ëŠ” ë°©ë²•ì€ ë¬´ì—‡ì¸ê°€ìš”? ê° í…ŒìŠ¤íŠ¸ëŠ” "ì‹œê°„ Ã— ì†ë„ Ã— ì •í™•ë„"ë¥¼ ê¸°ì¤€ìœ¼ë¡œ ê³„ì‚°ë©ë‹ˆë‹¤ (ê¸°ë³¸ Ã— ë¶„ Ã— (ì†ë„/ëª©í‘œ"
ui.string206,"Complete Traditional Chinese sentence with variable placeholders for AI translation",""ì¼ì¼ ì œí•œ 100; ê²©ë ¤ ê·œì¹™: ì •í™•ë„ â‰¥30%ì¼ ê²½ìš°"
ui.string207,"Complete Traditional Chinese sentence with variable placeholders for AI translation",""Basierend auf Ihrer letzten Leistung benÃ¶tigen Sie noch etwa {minutes} Minuten"
ui.string208,"Complete Traditional Chinese sentence with variable placeholders for AI translation"," und der Baum wird wachsen!""
ui.string209,"Complete Traditional Chinese sentence with variable placeholders for AI translation","à¸ªà¸£à¸¸à¸›à¸§à¸±à¸™à¸™à¸µà¹‰"
ui.string210,"Complete Traditional Chinese sentence with variable placeholders for AI translation"," ì†ë„ ë° ì •í™•ì„±ê³¼ ê´€ë ¨ì´ ìˆìŠµë‹ˆë‹¤. ì¼ì¼ í•œë„ëŠ” 100ì´ë©°"
ui.string211,"Complete Traditional Chinese sentence with variable placeholders for AI translation","à¸à¸²à¸£à¸›à¹‰à¸­à¸™à¸‚à¹‰à¸­à¸¡à¸¹à¸¥à¸—à¸µà¹ˆà¸¡à¸µà¸›à¸£à¸°à¸ªà¸´à¸—à¸˜à¸´à¸ à¸²à¸: {minutes} à¸™à¸²à¸—à¸µ Â· à¸„à¸°à¹à¸™à¸™à¸—à¸µà¹ˆà¹„à¸”à¹‰à¸£à¸±à¸š: {current} / {total} (à¹€à¸«à¸¥à¸·à¸­à¸­à¸µà¸ {remaining})"
ui.string212,"Complete Traditional Chinese sentence with variable placeholders for AI translation","à¸•à¹‰à¸™à¹„à¸¡à¹‰à¸•à¸±à¸§à¸™à¹‰à¸­à¸¢à¸‚à¸­à¸‡à¸‰à¸±à¸™"
ui.string213,"Complete Traditional Chinese sentence with variable placeholders for AI translation","à¸„à¸³à¸™à¸§à¸“à¸à¸´à¸ˆà¸à¸£à¸£à¸¡à¹à¸¥à¸°à¸‚à¸±à¹‰à¸™à¸•à¸­à¸™à¹ƒà¸«à¸¡à¹ˆ"
ui.string214,"Complete Traditional Chinese sentence with variable placeholders for AI translation"," í™œë™ ëª©ë¡ê³¼ í˜„ì¬ ë‹¨ê³„ë¥¼ ì—…ë°ì´íŠ¸í•©ë‹ˆë‹¤.""
ui.string215,"Complete Traditional Chinese sentence with variable placeholders for AI translation","à¹à¸œà¸™à¸ à¸²à¸à¸à¸²à¸£à¹€à¸•à¸´à¸šà¹‚à¸•"
ui.string216,"Complete Traditional Chinese sentence with variable placeholders for AI translation","à¸‚à¸±à¹‰à¸™à¸•à¸­à¸™à¸à¸²à¸£à¸›à¸£à¸²à¸à¸à¸•à¸±à¸§à¸—à¸µà¹ˆà¹à¸•à¸à¸•à¹ˆà¸²à¸‡à¸à¸±à¸™à¹à¸¥à¸°à¹€à¸‡à¸·à¹ˆà¸­à¸™à¹„à¸‚à¸à¸²à¸£à¸›à¸¥à¸”à¸¥à¹‡à¸­à¸ (à¸ à¸²à¸à¸›à¸£à¸°à¸à¸­à¸š)"
ui.string217,"Complete Traditional Chinese sentence with variable placeholders for AI translation","à¸‚à¸±à¹‰à¸™à¸•à¸­à¸™ {number}"
ui.string218,"Complete Traditional Chinese sentence with variable placeholders for AI translation","à¸šà¸±à¸”à¸”à¸´à¹‰à¸‡ãƒ»à¸à¸²à¸£à¹à¸ªà¸”à¸‡à¸œà¸¥à¹€à¸£à¸´à¹ˆà¸¡à¸•à¹‰à¸™"
ui.string219,"Complete Traditional Chinese sentence with variable placeholders for AI translation","à¸›à¸¥à¸¹à¸à¹ƒà¸šà¸—à¸µà¹ˆà¸ªà¸­à¸‡"
ui.string220,"Complete Traditional Chinese sentence with variable placeholders for AI translation","à¸à¸²à¸£à¹€à¸ˆà¸£à¸´à¸à¹€à¸•à¸´à¸šà¹‚à¸•à¸‚à¸­à¸‡à¹ƒà¸š"
ui.string221,"Complete Traditional Chinese sentence with variable placeholders for AI translation","à¸à¸´à¹ˆà¸‡à¸à¹‰à¸²à¸™à¸‚à¸¢à¸²à¸¢ + à¸à¸´à¹ˆà¸‡à¸‚à¹‰à¸²à¸‡"
ui.string222,"Complete Traditional Chinese sentence with variable placeholders for AI translation","à¸¢à¸­à¸”à¸‚à¸­à¸‡à¸•à¹‰à¸™à¹„à¸¡à¹‰à¹€à¸¥à¹‡à¸à¹„à¸”à¹‰å½¢æˆ (à¸œà¸¥à¸œà¸¥à¸´à¸•)"
ui.string223,"Complete Traditional Chinese sentence with variable placeholders for AI translation","à¹ƒà¸Šà¹‰à¸‡à¸²à¸™à¹ƒà¸™ {days} à¸§à¸±à¸™à¸—à¸µà¹ˆà¸œà¹ˆà¸²à¸™à¸¡à¸²"
ui.string224,"Complete Traditional Chinese sentence with variable placeholders for AI translation","Active days: {active}/{total}"
ui.string225,"Complete Traditional Chinese sentence with variable placeholders for AI translation","Ghi láº¡i "Ä‘iá»ƒm" báº¡n kiáº¿m Ä‘Æ°á»£c sau má»—i bÃ i kiá»ƒm tra (cÅ©ng sáº½ cá»™ng vÃ o XP cá»§a báº¡n)."
ui.string226,"Complete Traditional Chinese sentence with variable placeholders for AI translation"," utilisÃ©s pour favoriser la croissance du petit arbre.""
ui.string227,"Complete Traditional Chinese sentence with variable placeholders for AI translation",""Die effektive Eingabe der letzten {days} Tage wird die SÃ¤mlingsphase beeinflussen; je mehr Tage du aktiv bleibst"
ui.string228,"Complete Traditional Chinese sentence with variable placeholders for AI translation",""Die Liste unten zeigt jeden Erfolg"
ui.string229,"Complete Traditional Chinese sentence with variable placeholders for AI translation","à¸šà¸±à¸™à¸—à¸¶à¸à¸¥à¹ˆà¸²à¸ªà¸¸à¸”"
ui.string230,"Complete Traditional Chinese sentence with variable placeholders for AI translation","à¸„à¸³à¸–à¸²à¸¡ {current}/{total} Â· à¹€à¸§à¸¥à¸²à¸—à¸µà¹ˆà¸à¸³à¸«à¸™à¸” {seconds} à¸§à¸´à¸™à¸²à¸—à¸µ Â· à¸•à¸±à¸§à¸­à¸±à¸à¸©à¸£à¹ƒà¸™à¸„à¸³à¸–à¸²à¸¡à¸™à¸µà¹‰ {chars} Â· à¸£à¸§à¸¡ {correct}/{total}"
ui.string231,"Complete Traditional Chinese sentence with variable placeholders for AI translation","Silakan ketik teks di bawah ini"
ui.string232,"Complete Traditional Chinese sentence with variable placeholders for AI translation","à¸à¸³à¸¥à¸±à¸‡à¹‚à¸«à¸¥à¸”..."
ui.string233,"Complete Traditional Chinese sentence with variable placeholders for AI translation","à¸­à¸™à¸¸à¸à¸²à¸•à¹ƒà¸«à¹‰à¹ƒà¸Šà¹‰à¸›à¸¸à¹ˆà¸¡à¸¥à¸š"
ui.string234,"Complete Traditional Chinese sentence with variable placeholders for AI translation","à¹€à¸›à¸´à¸”/à¸›à¸´à¸”à¸à¸·à¹‰à¸™à¸—à¸µà¹ˆãƒ»R à¸£à¸µà¹€à¸‹à¹‡à¸•ãƒ»F à¹‚à¸Ÿà¸à¸±à¸ªãƒ»Enter à¸ªà¹ˆà¸‡à¸«à¸±à¸§à¸‚à¹‰à¸­à¸«à¸¥à¸±à¸"
ui.string235,"Complete Traditional Chinese sentence with variable placeholders for AI translation",""La rÃ©cupÃ©ration des questions a Ã©chouÃ© ou les donnÃ©es sont vides : passage automatique Ã  la banque de questions locale de secours (n'affecte pas les rÃ©ponses). Pour utiliser la banque de questions cloud"
ui.string236,"Complete Traditional Chinese sentence with variable placeholders for AI translation","à¸„à¸§à¸²à¸¡à¸–à¸¹à¸à¸•à¹‰à¸­à¸‡ {percent}% Â· à¸„à¸°à¹à¸™à¸™à¸£à¸§à¸¡ {score}"
ui.string237,"Complete Traditional Chinese sentence with variable placeholders for AI translation","à¸•à¸±à¸§à¸­à¸±à¸à¸©à¸£à¸—à¸µà¹ˆà¸–à¸¹à¸à¸•à¹‰à¸­à¸‡/à¸•à¸±à¸§à¸­à¸±à¸à¸©à¸£à¸—à¸±à¹‰à¸‡à¸«à¸¡à¸” {correct}/{total}"
ui.string238,"Complete Traditional Chinese sentence with variable placeholders for AI translation","à¸—à¸¸à¸à¸à¸²à¸£à¸à¸´à¸¡à¸à¹Œà¸ˆà¸°à¸à¸¥à¸²à¸¢à¹€à¸›à¹‡à¸™à¸„à¸¥à¹ˆà¸­à¸‡à¹à¸„à¸¥à¹ˆà¸§"
ui.string239,"Complete Traditional Chinese sentence with variable placeholders for AI translation","à¸™à¸´à¸ªà¸±à¸¢à¸à¸²à¸£à¸à¸´à¸¡à¸à¹Œà¸—à¸µà¹ˆà¸–à¸¹à¸à¸•à¹‰à¸­à¸‡"
ui.string240,"Complete Traditional Chinese sentence with variable placeholders for AI translation","à¸„à¸°à¹à¸™à¸™à¹€à¸‰à¸¥à¸µà¹ˆà¸¢à¸£à¸§à¸¡ ({days} à¸§à¸±à¸™)"
ui.string241,"Complete Traditional Chinese sentence with variable placeholders for AI translation","à¸£à¸§à¸¡à¸•à¸±à¸§à¸­à¸±à¸à¸©à¸£ ({days} à¸§à¸±à¸™)"
ui.string242,"Complete Traditional Chinese sentence with variable placeholders for AI translation","à¸‰à¸±à¸™ vs à¸—à¸±à¹‰à¸‡à¹€à¸§à¹‡à¸šà¹„à¸‹à¸•à¹Œ ({days} à¸§à¸±à¸™)"
ui.string243,"Complete Traditional Chinese sentence with variable placeholders for AI translation","à¸£à¸°à¸¢à¸°à¹€à¸§à¸¥à¸² {seconds} à¸§à¸´à¸™à¸²à¸—à¸µ"
ui.string244,"Complete Traditional Chinese sentence with variable placeholders for AI translation","à¸„à¸§à¸²à¸¡à¸–à¸¹à¸à¸•à¹‰à¸­à¸‡ {percent}%"
ui.string245,"Complete Traditional Chinese sentence with variable placeholders for AI translation","å„ãƒ†ã‚¹ãƒˆã¯ã€Œæ™‚é–“ Ã— ã‚¹ãƒ”ãƒ¼ãƒ‰ Ã— ç²¾åº¦ã€ã«åŸºã¥ã„ã¦è¨ˆç®—ã•ã‚Œã¾ã™ï¼ˆåŸºæœ¬åˆ† Ã— (ã‚¹ãƒ”ãƒ¼ãƒ‰/ç›®æ¨™ã€æœ€å¤§Ã—2) Ã— (0.5 + 0.5 Ã— ç²¾åº¦)ï¼‰"
ui.string246,"Complete Traditional Chinese sentence with variable placeholders for AI translation",""Limite diÃ¡rio {limit}; Regra de incentivo: Quando a precisÃ£o â‰¥ {minAcc}%"
ui.string247,"Complete Traditional Chinese sentence with variable placeholders for AI translation"," calcular os minutos de entrada efetivos e atualizar a lista de atividades e o estÃ¡gio atual.""